Size,Dijkstra,Bellman-Ford,Floyd-Warshall
10,11.3,15,27.7
50,266.5,876.3,865.3
100,199.3,5563.7,6898.2
500,580.9,681098,830632
1000,18953.8,5.50229e+06,6.22353e+06
